카펫,망원,서울 마포구 망원동 57-12
페더커피,길동,서울 강동구 길동 247
보틀팩토리,연희동,서울 서대문구 연희동 708
모퉁이 우,삼성,서울 강남구 삼성동 169-8
밀즈앤모어,잠원동,서울 서초구 잠원동 31-1
당도,망원,서울 마포구 망원동 414-16
오톤커피,마포,서울 마포구 도화동 203-8
정미식당,목동,서울 양천구 목동 909-4
1인1잔,은평,서울 은평구 진관동 134-31
아우프글렛,금호,서울 성동구 금호동1가 1801-4
위키드와이프,강남,서울 강남구 신사동 551-32
그레이랩,합정,서울 마포구 합정동 367-9
든든,성수,서울 성동구 성수동1가 8-26
미라이,신사,서울 강남구 신사동 557-25
어라운드 그린,망원,서울 마포구 망원동 405-1
레리엇,이태원,서울 용산구 이태원동 455-23
재주식탁,성수,서울 성동구 성수동1가 31-9
이누식당,방배,서울 서초구 방배동 850-31
고래바,자양동,서울 광진구 자양동 630-37
할아버지공장,성수,서울 성동구 성수동2가 309-133
익선고로,익선동,서울 종로구 익선동 166-34
보틀팩토리,연희동,서울 서대문구 연희동 708
모퉁이 우,삼성,서울 강남구 삼성동 169-8
밀즈앤모어,잠원동,서울 서초구 잠원동 31-1
당도,망원,서울 마포구 망원동 414-16
오톤커피,마포,서울 마포구 도화동 203-8
정미식당,목동,서울 양천구 목동 909-4
1인1잔,은평,서울 은평구 진관동 134-31
아우프글렛,금호,서울 성동구 금호동1가 1801-4
위키드와이프,강남,서울 강남구 신사동 551-32
그레이랩,합정,서울 마포구 합정동 367-9
든든,성수,서울 성동구 성수동1가 8-26
미라이,신사,서울 강남구 신사동 557-25
어라운드 그린,망원,서울 마포구 망원동 405-1
레리엇,이태원,서울 용산구 이태원동 455-23
재주식탁,성수,서울 성동구 성수동1가 31-9
이누식당,방배,서울 서초구 방배동 850-31
고래바,자양동,서울 광진구 자양동 630-37
할아버지공장,성수,서울 성동구 성수동2가 309-133
익선고로,익선동,서울 종로구 익선동 166-34
맥파이 브루잉 컴퍼니,이태원,서울 용산구 이태원동 691
묘사서울,성수,서울 성동구 성수동1가 685-486
난,합정,서울 마포구 합정동 373-3
동백양과점,익선동,서울 종로구 익선동 166-73
리마장82,강남,서울 강남구 논현동 236-9
아우프글렛,금호,서울 성동구 금호동1가 1801-4
위키드와이프,강남,서울 강남구 신사동 551-32
그레이랩,합정,서울 마포구 합정동 367-9
든든,성수,서울 성동구 성수동1가 8-26
미라이,신사,서울 강남구 신사동 557-25
어라운드 그린,망원,서울 마포구 망원동 405-1
레리엇,이태원,서울 용산구 이태원동 455-23
재주식탁,성수,서울 성동구 성수동1가 31-9
이누식당,방배,서울 서초구 방배동 850-31
고래바,자양동,서울 광진구 자양동 630-37
할아버지공장,성수,서울 성동구 성수동2가 309-133
익선고로,익선동,서울 종로구 익선동 166-34
맥파이 브루잉 컴퍼니,이태원,서울 용산구 이태원동 691
묘사서울,성수,서울 성동구 성수동1가 685-486
난,합정,서울 마포구 합정동 373-3
동백양과점,익선동,서울 종로구 익선동 166-73
리마장82,강남,서울 강남구 논현동 236-9
사루비아 다방,연희동,서울 서대문구 연희동 132-32
라무라 라멘,을지로,서울 중구 을지로3가 296-5
르솔레이,연희동,서울 서대문구 연희동 192-4
이이엄,종로,서울 종로구 옥인동 47-57
오늘의 위로,망원동,서울 마포구 망원동 467-18
이누식당,방배,서울 서초구 방배동 850-31
고래바,자양동,서울 광진구 자양동 630-37
할아버지공장,성수,서울 성동구 성수동2가 309-133
익선고로,익선동,서울 종로구 익선동 166-34
맥파이 브루잉 컴퍼니,이태원,서울 용산구 이태원동 691
묘사서울,성수,서울 성동구 성수동1가 685-486
난,합정,서울 마포구 합정동 373-3
동백양과점,익선동,서울 종로구 익선동 166-73
리마장82,강남,서울 강남구 논현동 236-9
사루비아 다방,연희동,서울 서대문구 연희동 132-32
라무라 라멘,을지로,서울 중구 을지로3가 296-5
르솔레이,연희동,서울 서대문구 연희동 192-4
이이엄,종로,서울 종로구 옥인동 47-57
오늘의 위로,망원동,서울 마포구 망원동 467-18
교양식사,한남동,서울 용산구 한남동 683-134
오복수산,한남동,서울 용산구 한남동 683-5
퍼셉션 커피,합정,서울 마포구 합정동 355-2
할아버지공장,성수,서울 성동구 성수동2가 309-133
익선고로,익선동,서울 종로구 익선동 166-34
맥파이 브루잉 컴퍼니,이태원,서울 용산구 이태원동 691
묘사서울,성수,서울 성동구 성수동1가 685-486
난,합정,서울 마포구 합정동 373-3
동백양과점,익선동,서울 종로구 익선동 166-73
리마장82,강남,서울 강남구 논현동 236-9
사루비아 다방,연희동,서울 서대문구 연희동 132-32
라무라 라멘,을지로,서울 중구 을지로3가 296-5
르솔레이,연희동,서울 서대문구 연희동 192-4
이이엄,종로,서울 종로구 옥인동 47-57
오늘의 위로,망원동,서울 마포구 망원동 467-18
교양식사,한남동,서울 용산구 한남동 683-134
오복수산,한남동,서울 용산구 한남동 683-5
퍼셉션 커피,합정,서울 마포구 합정동 355-2
스와니예,반포,서울 서초구 반포4동 549-17
이음티하우스,부암동,서울 종로구 부암동 254-7
필수,흑석동,서울 동작구 흑석동 9-27
프라하펍,상수,서울 마포구 상수동 144-1
매니멀스모크하우스,이태원,서울 용산구 이태원동 455-33
라무라 라멘,을지로,서울 중구 을지로3가 296-5
르솔레이,연희동,서울 서대문구 연희동 192-4
이이엄,종로,서울 종로구 옥인동 47-57
오늘의 위로,망원동,서울 마포구 망원동 467-18
교양식사,한남동,서울 용산구 한남동 683-134
오복수산,한남동,서울 용산구 한남동 683-5
퍼셉션 커피,합정,서울 마포구 합정동 355-2
스와니예,반포,서울 서초구 반포4동 549-17
이음티하우스,부암동,서울 종로구 부암동 254-7
필수,흑석동,서울 동작구 흑석동 9-27
프라하펍,상수,서울 마포구 상수동 144-1
매니멀스모크하우스,이태원,서울 용산구 이태원동 455-33
양키스그릴,문래동,서울 영등포구 문래동3가 58-36
연남방앗간,연남동,서울 마포구 연남동 257-22
밥 해주는 남자,연남,서울 마포구 연남동 239-48
동병상련,성북동,서울 성북구 성북동 321-13
퍼셉션 커피,합정,서울 마포구 합정동 355-2
스와니예,반포,서울 서초구 반포4동 549-17
이음티하우스,부암동,서울 종로구 부암동 254-7
필수,흑석동,서울 동작구 흑석동 9-27
프라하펍,상수,서울 마포구 상수동 144-1
매니멀스모크하우스,이태원,서울 용산구 이태원동 455-33
양키스그릴,문래동,서울 영등포구 문래동3가 58-36
연남방앗간,연남동,서울 마포구 연남동 257-22
밥 해주는 남자,연남,서울 마포구 연남동 239-48
동병상련,성북동,서울 성북구 성북동 321-13
카페죠꽁드,삼청동,서울 종로구 삼청동 63-31
몽련,성수,서울 성동구 성수동1가 656-1044
이음티하우스,부암동,서울 종로구 부암동 254-7
필수,흑석동,서울 동작구 흑석동 9-27
프라하펍,상수,서울 마포구 상수동 144-1
매니멀스모크하우스,이태원,서울 용산구 이태원동 455-33
양키스그릴,문래동,서울 영등포구 문래동3가 58-36
연남방앗간,연남동,서울 마포구 연남동 257-22
밥 해주는 남자,연남,서울 마포구 연남동 239-48
동병상련,성북동,서울 성북구 성북동 321-13
카페죠꽁드,삼청동,서울 종로구 삼청동 63-31
몽련,성수,서울 성동구 성수동1가 656-1044
이음티하우스,부암동,서울 종로구 부암동 254-7
필수,흑석동,서울 동작구 흑석동 9-27
프라하펍,상수,서울 마포구 상수동 144-1
매니멀스모크하우스,이태원,서울 용산구 이태원동 455-33
양키스그릴,문래동,서울 영등포구 문래동3가 58-36
연남방앗간,연남동,서울 마포구 연남동 257-22
밥 해주는 남자,연남,서울 마포구 연남동 239-48
동병상련,성북동,서울 성북구 성북동 321-13
카페죠꽁드,삼청동,서울 종로구 삼청동 63-31
몽련,성수,서울 성동구 성수동1가 656-1044
카페톤,성산동,서울 마포구 성산동 254-18
써스데이 스터핑,연희동,서울 서대문구 연희동 133-10
있을 재,신사동,서울 강남구 신사동 644-7
규반,신사동,서울 강남구 신사동 647-24
익선잡방,익선동,서울 종로구 익선동 166-80
홍롱롱,익선동,서울 종로구 익선동 166-33
오랑지,연남동,서울 마포구 연남동 390-71
바이레인,광진구 중곡동,서울 광진구 중곡동 30-61
양키스그릴,문래동,서울 영등포구 문래동3가 58-36
연남방앗간,연남동,서울 마포구 연남동 257-22
밥 해주는 남자,연남,서울 마포구 연남동 239-48
동병상련,성북동,서울 성북구 성북동 321-13
카페죠꽁드,삼청동,서울 종로구 삼청동 63-31
몽련,성수,서울 성동구 성수동1가 656-1044
카페톤,성산동,서울 마포구 성산동 254-18
써스데이 스터핑,연희동,서울 서대문구 연희동 133-10
있을 재,신사동,서울 강남구 신사동 644-7
규반,신사동,서울 강남구 신사동 647-24
익선잡방,익선동,서울 종로구 익선동 166-80
홍롱롱,익선동,서울 종로구 익선동 166-33
오랑지,연남동,서울 마포구 연남동 390-71
바이레인,광진구 중곡동,서울 광진구 중곡동 30-61
산체스 막걸리,안국동,서울 종로구 안국동 85
연남테라스,연남,서울 마포구 연남동 228-7
숙녀미용실,운니동,서울 종로구 운니동 64-2
아꼬떼뒤파르크,성수,서울 성동구 성수동1가 685-477
보이어,성수동,서울 성동구 성수동1가 16-26
감계무량,영등포,서울 영등포구 당산동5가 23
식물관PH,수서동,서울 강남구 수서동 590
드렁큰비건,마포,서울 마포구 창전동 5-78
몽련,성수,서울 성동구 성수동1가 656-1044
카페톤,성산동,서울 마포구 성산동 254-18
써스데이 스터핑,연희동,서울 서대문구 연희동 133-10
있을 재,신사동,서울 강남구 신사동 644-7
규반,신사동,서울 강남구 신사동 647-24
익선잡방,익선동,서울 종로구 익선동 166-80
홍롱롱,익선동,서울 종로구 익선동 166-33
오랑지,연남동,서울 마포구 연남동 390-71
바이레인,광진구 중곡동,서울 광진구 중곡동 30-61
산체스 막걸리,안국동,서울 종로구 안국동 85
연남테라스,연남,서울 마포구 연남동 228-7
숙녀미용실,운니동,서울 종로구 운니동 64-2
아꼬떼뒤파르크,성수,서울 성동구 성수동1가 685-477
보이어,성수동,서울 성동구 성수동1가 16-26
감계무량,영등포,서울 영등포구 당산동5가 23
식물관PH,수서동,서울 강남구 수서동 590
드렁큰비건,마포,서울 마포구 창전동 5-78
플로,녹번,서울 은평구 녹번동 82-41
머머,석촌,서울 송파구 석촌동 6-5
조이풀브라더스,상도동,서울 동작구 상도동 34-11
카페톤,성산동,서울 마포구 성산동 254-18
써스데이 스터핑,연희동,서울 서대문구 연희동 133-10
있을 재,신사동,서울 강남구 신사동 644-7
규반,신사동,서울 강남구 신사동 647-24
익선잡방,익선동,서울 종로구 익선동 166-80
홍롱롱,익선동,서울 종로구 익선동 166-33
오랑지,연남동,서울 마포구 연남동 390-71
바이레인,광진구 중곡동,서울 광진구 중곡동 30-61
산체스 막걸리,안국동,서울 종로구 안국동 85
연남테라스,연남,서울 마포구 연남동 228-7
숙녀미용실,운니동,서울 종로구 운니동 64-2
아꼬떼뒤파르크,성수,서울 성동구 성수동1가 685-477
보이어,성수동,서울 성동구 성수동1가 16-26
감계무량,영등포,서울 영등포구 당산동5가 23
식물관PH,수서동,서울 강남구 수서동 590
드렁큰비건,마포,서울 마포구 창전동 5-78
플로,녹번,서울 은평구 녹번동 82-41
머머,석촌,서울 송파구 석촌동 6-5
조이풀브라더스,상도동,서울 동작구 상도동 34-11
카페톤,성산동,서울 마포구 성산동 254-18
써스데이 스터핑,연희동,서울 서대문구 연희동 133-10
있을 재,신사동,서울 강남구 신사동 644-7
규반,신사동,서울 강남구 신사동 647-24
익선잡방,익선동,서울 종로구 익선동 166-80
홍롱롱,익선동,서울 종로구 익선동 166-33
오랑지,연남동,서울 마포구 연남동 390-71
바이레인,광진구 중곡동,서울 광진구 중곡동 30-61
산체스 막걸리,안국동,서울 종로구 안국동 85
연남테라스,연남,서울 마포구 연남동 228-7
숙녀미용실,운니동,서울 종로구 운니동 64-2
아꼬떼뒤파르크,성수,서울 성동구 성수동1가 685-477
보이어,성수동,서울 성동구 성수동1가 16-26
감계무량,영등포,서울 영등포구 당산동5가 23
식물관PH,수서동,서울 강남구 수서동 590
드렁큰비건,마포,서울 마포구 창전동 5-78
플로,녹번,서울 은평구 녹번동 82-41
머머,석촌,서울 송파구 석촌동 6-5
조이풀브라더스,상도동,서울 동작구 상도동 34-11
엠엔디 커피,합정,서울 마포구 합정동 362-5
살라댕 방콕,익선동,서울 종로구 익선동 166-16
훕훕베이글,송파,서울 송파구 잠실동 40-1
오늘그대와,연남동,서울 마포구 연남동 387-8
서촌음료연구소,누하동,서울 종로구 누하동 83-3
비언유주얼,이태원,서울 용산구 이태원동 642
장미로타리크럽,상수,서울 마포구 상수동 311-1
숙녀미용실,운니동,서울 종로구 운니동 64-2
아꼬떼뒤파르크,성수,서울 성동구 성수동1가 685-477
보이어,성수동,서울 성동구 성수동1가 16-26
감계무량,영등포,서울 영등포구 당산동5가 23
식물관PH,수서동,서울 강남구 수서동 590
드렁큰비건,마포,서울 마포구 창전동 5-78
플로,녹번,서울 은평구 녹번동 82-41
머머,석촌,서울 송파구 석촌동 6-5
조이풀브라더스,상도동,서울 동작구 상도동 34-11
엠엔디 커피,합정,서울 마포구 합정동 362-5
살라댕 방콕,익선동,서울 종로구 익선동 166-16
훕훕베이글,송파,서울 송파구 잠실동 40-1
오늘그대와,연남동,서울 마포구 연남동 387-8
서촌음료연구소,누하동,서울 종로구 누하동 83-3
비언유주얼,이태원,서울 용산구 이태원동 642
장미로타리크럽,상수,서울 마포구 상수동 311-1
오리앙떼,한남동,서울 용산구 한남동 682-16
페이머스 그라운드,합정,서울 마포구 합정동 370-11
쓰리오브어스,성수,서울 성동구 성수동2가 316-24
수라간,연남동,서울 마포구 연남동 228-56
카페 포제,성수동,서울 성동구 성수동2가 315-41
소세지하우스,상암,서울 마포구 상암동 12-11
엠엔디 커피,합정,서울 마포구 합정동 362-5
살라댕 방콕,익선동,서울 종로구 익선동 166-16
훕훕베이글,송파,서울 송파구 잠실동 40-1
오늘그대와,연남동,서울 마포구 연남동 387-8
서촌음료연구소,누하동,서울 종로구 누하동 83-3
비언유주얼,이태원,서울 용산구 이태원동 642
장미로타리크럽,상수,서울 마포구 상수동 311-1
오리앙떼,한남동,서울 용산구 한남동 682-16
페이머스 그라운드,합정,서울 마포구 합정동 370-11
쓰리오브어스,성수,서울 성동구 성수동2가 316-24
수라간,연남동,서울 마포구 연남동 228-56
카페 포제,성수동,서울 성동구 성수동2가 315-41
소세지하우스,상암,서울 마포구 상암동 12-11
에이스 포 클럽,을지로,서울 중구 을지로2가 101-2
썬릿,공릉,서울 노원구 공릉동 320-107
야키토리 묵,연남동,서울 마포구 연남동 223-102
웨이브스,문래동,서울 영등포구 문래동3가 58-34
살라댕 방콕,익선동,서울 종로구 익선동 166-16
훕훕베이글,송파,서울 송파구 잠실동 40-1
오늘그대와,연남동,서울 마포구 연남동 387-8
서촌음료연구소,누하동,서울 종로구 누하동 83-3
비언유주얼,이태원,서울 용산구 이태원동 642
장미로타리크럽,상수,서울 마포구 상수동 311-1
오리앙떼,한남동,서울 용산구 한남동 682-16
페이머스 그라운드,합정,서울 마포구 합정동 370-11
쓰리오브어스,성수,서울 성동구 성수동2가 316-24
수라간,연남동,서울 마포구 연남동 228-56
카페 포제,성수동,서울 성동구 성수동2가 315-41
소세지하우스,상암,서울 마포구 상암동 12-11
에이스 포 클럽,을지로,서울 중구 을지로2가 101-2
썬릿,공릉,서울 노원구 공릉동 320-107
야키토리 묵,연남동,서울 마포구 연남동 223-102
웨이브스,문래동,서울 영등포구 문래동3가 58-34
레몬그라스,성수동,서울 성동구 성수동2가 316-22
만홧가게,익선동,서울 종로구 익선동 166-33
쓰리오브어스,성수,서울 성동구 성수동2가 316-24
수라간,연남동,서울 마포구 연남동 228-56
카페 포제,성수동,서울 성동구 성수동2가 315-41
소세지하우스,상암,서울 마포구 상암동 12-11
에이스 포 클럽,을지로,서울 중구 을지로2가 101-2
썬릿,공릉,서울 노원구 공릉동 320-107
야키토리 묵,연남동,서울 마포구 연남동 223-102
웨이브스,문래동,서울 영등포구 문래동3가 58-34
레몬그라스,성수동,서울 성동구 성수동2가 316-22
만홧가게,익선동,서울 종로구 익선동 166-33
웨이브스,문래동,서울 영등포구 문래동3가 58-34
레몬그라스,성수동,서울 성동구 성수동2가 316-22
만홧가게,익선동,서울 종로구 익선동 166-33
백색소음,연희동,서울 서대문구 연희동 353-75
